<?xml version="1.0" encoding="UTF-8"?><blocks>
    <block id="0">
        <location>1,5</location>
        <Time>Time:1623047850454</Time>
        <id>id:205</id>
        <mode>mode:1</mode>
        <Interface>
            <East>0,0,0</East>
            <South>1,102,3</South>
            <West>0,0,0</West>
            <North>0,0,0</North>
        </Interface>
    </block>
    <block id="1">
        <location>1,6</location>
        <Time>Time:1623043263696</Time>
        <id>id:203</id>
        <mode>mode:1</mode>
        <Interface>
            <East>0,0,0</East>
            <South>2,102,3</South>
            <West>0,0,0</West>
            <North>2,102,3</North>
        </Interface>
    </block>
    <block id="2">
        <location>1,7</location>
        <Time>Time:1623049598447</Time>
        <id>id:501</id>
        <mode>mode:1</mode>
        <Interface>
            <East>0,0,0</East>
            <South>0,0,0</South>
            <West>0,0,0</West>
            <North>1,102,3</North>
        </Interface>
    </block>
    <block id="3">
        <location>3,7</location>
        <Time>Time:1623048465552</Time>
        <id>id:205</id>
        <mode>mode:1</mode>
        <Interface>
            <East>0,0,0</East>
            <South>1,102,3</South>
            <West>0,0,0</West>
            <North>0,0,0</North>
        </Interface>
    </block>
    <block id="4">
        <location>3,8</location>
        <Time>Time:1623048459350</Time>
        <id>id:203</id>
        <mode>mode:1</mode>
        <Interface>
            <East>2,102,3</East>
            <South>0,0,0</South>
            <West>0,0,0</West>
            <North>2,102,3</North>
        </Interface>
    </block>
    <block id="5">
        <location>4,8</location>
        <Time>Time:1623048462953</Time>
        <id>id:205</id>
        <mode>mode:1</mode>
        <Interface>
            <East>0,0,0</East>
            <South>0,0,0</South>
            <West>1,102,3</West>
            <North>0,0,0</North>
        </Interface>
    </block>
    <block id="6">
        <location>8,4</location>
        <Time>Time:1623049527600</Time>
        <id>id:203</id>
        <mode>mode:1</mode>
        <Interface>
            <East>2,102,6</East>
            <South>0,0,0</South>
            <West>0,0,0</West>
            <North>0,0,0</North>
        </Interface>
    </block>
    <block id="7">
        <location>9,4</location>
        <Time>Time:1623049542281</Time>
        <id>id:401</id>
        <mode>mode:1</mode>
        <Interface>
            <East>2,102,6</East>
            <South>0,0,0</South>
            <West>1,102,6</West>
            <North>0,0,0</North>
        </Interface>
    </block>
    <block id="8">
        <location>10,4</location>
        <Time>Time:1623049547748</Time>
        <id>id:401</id>
        <mode>mode:1</mode>
        <Interface>
            <East>2,102,6</East>
            <South>0,0,0</South>
            <West>1,102,6</West>
            <North>0,0,0</North>
        </Interface>
    </block>
    <block id="9">
        <location>11,4</location>
        <Time>Time:1623049602084</Time>
        <id>id:501</id>
        <mode>mode:1</mode>
        <Interface>
            <East>0,0,0</East>
            <South>0,0,0</South>
            <West>1,102,6</West>
            <North>0,0,0</North>
        </Interface>
    </block>
</blocks>
